format,psnr_db,psnr_drop_db,ssim,ssim_drop,lpips,lpips_rise,size_mb,notes
FP32,27.438592681884767,0.0,0.7906766185164451,0.0,0.21083173394203186,0.0,5.225597381591797,baseline
FP16 (autocast),27.437976913452147,0.000615768432620456,0.7906807899475098,-4.171431064681208e-06,0.21081400275230408,-1.7731189727782093e-05,2.6127986907958984,"weights FP32, ops cast on the fly"
BF16 (autocast),27.421779861450194,0.01681282043457344,0.7904395079612732,0.0002371105551719488,0.2092776083946228,-0.001554125547409052,2.6127986907958984,"wider exponent than FP16, less overflow risk"
INT8 PTQ (fake-quant),27.35919647216797,0.07939620971679773,0.7862880736589432,0.0043885448575019526,0.19546632528305052,-0.015365408658981339,1.3063993453979492,fake-quant: q-dq inserted in FP32 math (accuracy-only signal)
FP32 (QAT weights),27.501193618774415,-0.0626009368896483,0.7932280924916267,-0.0025514739751816284,0.205048286318779,-0.005783447623252863,5.225597381591797,"QAT-trained weights, fake-quant OFF (isolates training-time effect)"
INT8 QAT (fake-quant),27.44594802856445,-0.007355346679684516,0.7893052509427071,0.0013713675737380138,0.1899832743406296,-0.020848459601402275,1.3063993453979492,"QAT 20-epoch fine-tune from PTQ baseline, lr 1e-5"
